provider_id,first_name,last_name,credential,specialty_id,department_id
1,James,Chen,MD,1,1
2,Sarah,Williams,MD,2,2
3,Michael,Rodriguez,MD,3,3
4,Steven,Jordan,MD,11,14
5,Dale,Diaz,MD,9,7
6,Angela,Cross,MD,11,2
7,Ethan,Clark,MD,5,7
8,Laura,Daniels,MD,18,11
9,Michael,Huber,MD,2,8
10,Antonio,Gould,MD,16,3
11,Holly,Lane,MD,19,20
12,Gabriel,King,MD,2,12
13,Dana,Taylor,MD,3,14
14,Steven,Nixon,MD,20,20
15,Mary,Jackson,MD,3,18
16,Daniel,Barron,MD,16,5
17,Felicia,Boyd,MD,9,2
18,James,Jackson,MD,4,2
19,Scott,Moran,MD,16,17
20,Tina,Farmer,MD,8,12
21,Kelly,Bailey,MD,14,16
22,Ivan,Kennedy,MD,10,8
23,Adam,Williamson,MD,1,2
24,Megan,Pierce,MD,1,7
25,Devin,Harrison,MD,18,20
26,Maria,Jones,MD,13,1
27,Evelyn,Moore,MD,18,16
28,Christie,Jordan,MD,2,13
29,Pamela,Soto,MD,13,5
30,Mark,Moore,MD,14,14
31,Jessica,Murphy,MD,18,5
32,Martin,Cohen,MD,4,15
33,Andrew,Krueger,MD,4,20
34,Nicole,Johnson,MD,12,12
35,Danny,Torres,MD,7,11
36,Amanda,Scott,MD,14,2
37,David,Patterson,MD,8,8
38,Gerald,Vaughn,MD,3,19
39,Alexander,Barnes,MD,1,8
40,Wendy,Taylor,MD,14,18
41,John,Johnson,MD,19,2
42,Julie,Rice,MD,1,8
43,Aaron,Strong,MD,2,3
44,Elizabeth,Vega,MD,2,5
45,Natalie,Bowman,MD,15,6
46,James,Bryant,MD,10,2
47,Lindsay,Andrews,MD,11,12
48,Tina,Saunders,MD,20,8
49,Donald,Frye,MD,10,5
50,Anthony,Obrien,MD,20,13
51,Monica,Fletcher,MD,16,4
52,Jeffrey,Henderson,MD,3,3
53,Rachel,Simmons,MD,9,18
54,Paul,Grant,MD,7,16
55,Jessica,Torres,MD,12,8
56,John,Hodge,MD,15,10
57,Jonathan,Ramirez,MD,12,18
58,Johnny,Hahn,MD,10,8
59,Perry,Graham,MD,17,9
60,Joseph,Marshall,MD,11,18
61,Anthony,Payne,MD,17,4
62,Kelly,Navarro,MD,2,12
63,Andrea,Garcia,MD,14,20
64,Jessica,Davis,MD,16,9
65,Richard,Thomas,MD,3,7
66,Sierra,Greer,MD,5,17
67,George,Smith,MD,8,10
68,David,Davis,MD,18,7
69,Michael,Stewart,MD,4,12
70,Andrew,Bishop,MD,5,2
71,Linda,Gilbert,MD,8,15
72,Tiffany,Perry,MD,15,4
73,Jessica,Mejia,MD,1,16
74,David,Copeland,MD,2,9
75,Jeanette,Watson,MD,9,19
76,Helen,Horton,MD,13,10
77,Dean,Mcguire,MD,3,2
78,Angela,Williams,MD,9,20
79,Wesley,Kelley,MD,13,16
80,Tracey,Wong,MD,1,13
81,Cynthia,Young,MD,13,15
82,Samantha,Singh,MD,2,8
83,Stephanie,Rosales,MD,7,13
84,Kevin,Carney,MD,6,14
85,Greg,Morgan,MD,18,2
86,Monica,Gonzalez,MD,10,2
87,Michael,Ingram,MD,18,12
88,Christopher,Melendez,MD,1,20
89,Kimberly,Montoya,MD,11,9
90,Luis,Jennings,MD,19,7
91,Mary,Ford,MD,1,11
92,Janet,Arnold,MD,20,14
93,Gregory,Williams,MD,14,2
94,Christopher,Wallace,MD,4,18
95,Amanda,Smith,MD,13,10
96,John,Scott,MD,18,15
97,Tamara,Lang,MD,14,19
98,Amanda,Salinas,MD,19,17
99,Adrian,Malone,MD,9,6
100,Thomas,Copeland,MD,13,15
101,Ryan,Lloyd,MD,8,5
102,Melissa,Collins,MD,1,9
103,Rachel,Thompson,MD,9,3
104,Victoria,Robinson,MD,8,18
105,Susan,Murphy,MD,10,11
106,Heather,Phillips,MD,19,13
107,Jessica,Carlson,MD,2,20
108,Herbert,Nguyen,MD,9,12
109,Laura,Elliott,MD,9,9
110,Scott,Wallace,MD,20,1
111,Carol,Haas,MD,4,10
112,Christopher,Becker,MD,19,11
113,Kristen,Mayo,MD,9,6
114,Lauren,Walker,MD,15,15
115,Jeanne,Blake,MD,1,15
116,Taylor,Mata,MD,1,15
117,Scott,Wright,MD,2,12
118,Katie,Vega,MD,16,18
119,Christopher,Price,MD,7,14
120,Andrea,Werner,MD,2,19
121,Melinda,Faulkner,MD,3,9
122,Ashley,Buck,MD,20,18
123,Benjamin,Avila,MD,11,3
124,Natalie,Hopkins,MD,15,6
125,Tamara,White,MD,9,9
126,Kimberly,Harris,MD,9,16
127,Jenna,Larson,MD,5,8
128,Nicholas,Smith,MD,6,5
129,Willie,Nelson,MD,20,2
130,Ryan,Goodman,MD,8,4
131,David,Romero,MD,2,6
132,Becky,Black,MD,17,15
133,Christina,Perez,MD,19,11
134,Gloria,Mccall,MD,2,18
135,Juan,Orr,MD,8,2
136,Joy,Adkins,MD,9,9
137,Jessica,Armstrong,MD,1,12
138,Kari,Mendoza,MD,18,2
139,Nicole,Singleton,MD,20,8
140,David,Garcia,MD,12,4
141,Rebecca,Murphy,MD,3,17
142,Phillip,Williams,MD,15,4
143,Krista,Sweeney,MD,17,3
144,Jason,Rhodes,MD,8,7
145,Kaitlin,Macias,MD,11,19
146,Erica,Khan,MD,12,14
147,Dustin,Diaz,MD,3,14
148,Dawn,Harding,MD,10,5
149,Michelle,Hunt,MD,1,11
150,William,Garcia,MD,20,12
151,Kendra,Scott,MD,11,14
152,Jimmy,Johnston,MD,12,16
153,Randy,Sanchez,MD,10,20
154,Jennifer,Mosley,MD,1,6
155,Alan,Smith,MD,12,2
156,John,Matthews,MD,10,5
157,Christina,Baird,MD,19,1
158,Melissa,Bender,MD,4,20
159,Desiree,Phillips,MD,7,11
160,Joshua,Ford,MD,17,17
161,Rachel,Hopkins,MD,19,12
162,Molly,Collins,MD,7,13
163,Daniel,Mccarty,MD,19,2
164,Shannon,Perkins,MD,5,13
165,Maria,Manning,MD,3,3
166,Derek,Bowman,MD,8,19
167,Sara,Mitchell,MD,17,19
168,Jesse,Mack,MD,18,14
169,Maria,Holder,MD,18,4
170,Daniel,Myers,MD,17,2
171,Sharon,Gross,MD,20,16
172,John,Riley,MD,17,17
173,Samantha,Clark,MD,15,11
174,Cheryl,Rivera,MD,9,7
175,Courtney,Page,MD,19,10
176,Ashley,Brown,MD,8,11
177,Lisa,Padilla,MD,8,12
178,Ashley,Patterson,MD,8,15
179,William,Edwards,MD,11,4
180,William,Walker,MD,8,15
181,Emily,Rivera,MD,14,12
182,Elizabeth,Salinas,MD,3,12
183,Charles,Woods,MD,18,17
184,Kyle,Colon,MD,3,12
185,Vickie,Byrd,MD,16,20
186,Tracy,Moses,MD,8,15
187,Jason,Ferrell,MD,14,8
188,Denise,Davis,MD,19,5
189,Gloria,Owens,MD,18,8
190,Susan,Davis,MD,14,19
191,Samantha,Walsh,MD,5,20
192,James,Sandoval,MD,9,10
193,Dawn,Smith,MD,11,11
194,William,Robinson,MD,4,3
195,Brandy,Hernandez,MD,14,14
196,James,Dawson,MD,17,5
197,Marc,Smith,MD,19,16
198,Rebecca,Ortiz,MD,7,6
199,Briana,Peterson,MD,15,1
200,Stephanie,Cook,MD,6,4
201,Katie,Luna,MD,14,9
202,Jeffrey,Hubbard,MD,18,16
203,Suzanne,Spears,MD,4,5
204,Frances,Long,MD,2,14
205,James,Ellis,MD,1,6
206,Lawrence,Lambert,MD,3,5
207,Mark,Wilson,MD,17,17
208,Cindy,Moore,MD,13,14
209,Brooke,Brown,MD,12,5
210,Donald,Anderson,MD,13,18
211,Joseph,Freeman,MD,8,10
212,Kelly,Sparks,MD,4,11
213,Mark,Johnson,MD,11,19
214,John,Kelly,MD,20,20
215,Micheal,Neal,MD,4,2
216,Valerie,Williams,MD,3,12
217,Tina,Johnson,MD,15,14
218,Robert,Ruiz,MD,15,14
219,Charles,Barnes,MD,10,16
220,Kyle,Giles,MD,5,6
221,Laura,Elliott,MD,19,17
222,Lauren,Lloyd,MD,3,5
223,Daniel,Moore,MD,1,19
224,Andrea,Wright,MD,19,12
225,Elaine,Davis,MD,15,13
226,Cynthia,Woods,MD,11,15
227,Jessica,Floyd,MD,6,17
228,Megan,Nguyen,MD,19,9
229,Samuel,Sullivan,MD,4,8
230,Rebecca,Jackson,MD,10,16
231,Edward,Good,MD,11,2
232,Debra,Douglas,MD,19,17
233,Cynthia,Diaz,MD,17,19
234,Kenneth,Barnes,MD,17,14
235,Heather,Wright,MD,10,11
236,Adam,Scott,MD,13,11
237,Mike,Shepherd,MD,6,5
238,Matthew,Cook,MD,2,7
239,David,Russell,MD,14,17
240,Janice,Patterson,MD,9,19
241,Vincent,Freeman,MD,20,11
242,Amber,Pham,MD,4,12
243,Larry,Leon,MD,10,6
244,Jesse,Taylor,MD,4,10
245,Robert,Andersen,MD,9,16
246,Barbara,Burke,MD,15,8
247,Jose,Colon,MD,6,10
248,Austin,Stone,MD,9,20
249,Heather,Summers,MD,4,8
250,Richard,Bennett,MD,9,5
251,Donna,Weiss,MD,4,7
252,Douglas,Choi,MD,18,17
253,Pamela,Hart,MD,6,1
254,Isaiah,Jennings,MD,20,2
255,Edward,Elliott,MD,18,18
256,Nicholas,Rogers,MD,7,1
257,Andrew,Garcia,MD,16,1
258,Kerri,Johnson,MD,12,7
259,Dawn,Moon,MD,10,19
260,Andrew,Griffith,MD,14,15
261,Stephanie,Gregory,MD,17,5
262,Gerald,Brown,MD,15,10
263,Brandy,Clark,MD,4,4
264,Kyle,Johnson,MD,15,14
265,Samuel,Alvarez,MD,16,9
266,Frank,Wilson,MD,3,5
267,Ian,Jones,MD,9,4
268,Deborah,Jennings,MD,12,3
269,Kari,Meyers,MD,8,3
270,Brianna,Reid,MD,11,6
271,Mary,Yang,MD,17,11
272,Eric,Gillespie,MD,9,15
273,Krista,Lynch,MD,17,3
274,Daniel,Horn,MD,11,2
275,Jeffrey,Castillo,MD,14,4
276,Erik,Gillespie,MD,17,11
277,Bobby,Brown,MD,7,18
278,Anita,Wilkerson,MD,2,1
279,William,Pearson,MD,8,5
280,Sean,Ramirez,MD,19,13
281,Shawn,Brown,MD,8,7
282,Justin,Castro,MD,9,16
283,Travis,Weaver,MD,5,16
284,Pamela,Mccormick,MD,6,16
285,Pamela,Mahoney,MD,10,5
286,Bryan,Lee,MD,7,3
287,Erik,Keller,MD,17,7
288,Maria,Burgess,MD,1,14
289,Anthony,Miller,MD,3,16
290,Wendy,Fisher,MD,18,20
291,Barbara,Brown,MD,7,6
292,Kelly,Perry,MD,2,14
293,Robert,Gordon,MD,9,20
294,Mario,Yang,MD,13,19
295,Joseph,Ortiz,MD,8,12
296,Megan,Butler,MD,16,17
297,Heather,Smith,MD,6,10
298,Ronald,Greer,MD,8,10
299,Joseph,Moore,MD,16,16
300,Courtney,Rangel,MD,13,20
301,Yvonne,Thompson,MD,12,18
302,Steven,Chavez,MD,16,10
303,Steven,King,MD,4,8
304,Troy,Escobar,MD,4,10
305,Jose,Alexander,MD,14,15
306,Lisa,Lyons,MD,11,8
307,Joseph,Stewart,MD,14,4
308,Taylor,Rowe,MD,6,15
309,Brian,Hamilton,MD,11,4
310,Douglas,Mendez,MD,12,13
311,Vincent,Chavez,MD,5,16
312,Samantha,Gardner,MD,16,20
313,Eric,Boyd,MD,14,8
314,Laura,Taylor,MD,1,10
315,Laura,Thomas,MD,9,17
316,Richard,Ball,MD,7,14
317,Jasmine,Campos,MD,2,18
318,Jonathan,Kim,MD,11,9
319,Aaron,Gonzalez,MD,11,14
320,Travis,Brewer,MD,13,15
321,Shelly,Johnson,MD,14,13
322,Paul,Love,MD,9,2
323,Amy,Smith,MD,9,16
324,James,Vaughn,MD,8,11
325,Tamara,Morales,MD,2,10
326,Kevin,Kennedy,MD,15,14
327,Molly,Massey,MD,8,19
328,Cynthia,Thomas,MD,6,18
329,Brandi,Lee,MD,7,4
330,David,Thompson,MD,20,20
331,Kathleen,Baker,MD,11,5
332,Angela,Ward,MD,20,18
333,Tonya,Chambers,MD,1,1
334,Joseph,Roberson,MD,13,3
335,Latoya,Miller,MD,11,12
336,Cassandra,Rowland,MD,18,3
337,Angela,Green,MD,2,17
338,Andrew,Gonzales,MD,7,12
339,Sarah,Wilson,MD,18,7
340,Aaron,Robertson,MD,6,18
341,Jennifer,Morales,MD,13,8
342,Monica,Garcia,MD,10,6
343,George,Mendoza,MD,12,11
344,Deborah,Ramsey,MD,14,7
345,Brian,Wilcox,MD,18,8
346,Brian,Perez,MD,1,2
347,Roger,Kelley,MD,1,17
348,Nathan,Ramos,MD,4,17
349,Nicolas,Lyons,MD,13,16
350,Deborah,Carter,MD,2,6
351,Christopher,Brown,MD,10,10
352,Terri,Davis,MD,1,8
353,Sara,Duncan,MD,8,2
354,Aaron,Rhodes,MD,9,4
355,Brent,Rodriguez,MD,13,13
356,Angela,Cox,MD,5,9
357,Jessica,Smith,MD,3,3
358,Brandon,Bailey,MD,3,17
359,Keith,Wells,MD,14,1
360,Gina,Conrad,MD,1,18
361,Jerry,Fleming,MD,20,5
362,Gregory,Miller,MD,4,19
363,Veronica,Jackson,MD,13,7
364,Rachel,Ruiz,MD,20,10
365,Rebecca,Gibbs,MD,11,14
366,Thomas,Wong,MD,17,1
367,Emily,Valdez,MD,10,9
368,Michelle,Cook,MD,15,7
369,Jerry,Greene,MD,4,9
370,Manuel,Camacho,MD,19,16
371,Vanessa,Goodman,MD,13,10
372,Jonathan,Wolf,MD,14,3
373,Michael,Reyes,MD,8,14
374,Erika,Gilbert,MD,18,9
375,Judy,Caldwell,MD,16,10
376,Gabriel,Campbell,MD,18,17
377,Richard,Rodriguez,MD,8,13
378,Kimberly,Clark,MD,1,16
379,Kelly,Pugh,MD,13,12
380,Kristin,Rosales,MD,18,4
381,Christopher,Villanueva,MD,15,8
382,Jacob,Ellis,MD,19,1
383,Kimberly,Salazar,MD,13,8
384,Jerry,Wallace,MD,15,12
385,Rodney,Walton,MD,16,19
386,Judith,Wise,MD,4,10
387,Gloria,West,MD,11,5
388,Amanda,Paul,MD,3,4
389,Rachel,Wang,MD,18,6
390,Adam,Moreno,MD,7,16
391,Matthew,Wang,MD,19,8
392,Lindsey,Ellis,MD,3,5
393,Carol,Williams,MD,13,20
394,Michael,Evans,MD,16,17
395,Jennifer,Black,MD,19,8
396,Christian,Nelson,MD,2,16
397,Cheryl,Robertson,MD,9,14
398,Jason,Weiss,MD,10,11
399,Matthew,Morales,MD,5,2
400,Justin,Williams,MD,11,19
401,Michael,Scott,MD,20,14
402,Mark,Cunningham,MD,1,9
403,Becky,Kim,MD,7,18
404,Ian,Brooks,MD,16,18
405,John,Thomas,MD,16,11
406,Scott,Garza,MD,8,11
407,Colton,Wilson,MD,15,16
408,Heather,Brown,MD,17,18
409,Jacqueline,Watson,MD,3,4
410,Heather,Jones,MD,14,3
411,Amanda,Jenkins,MD,13,5
412,Roger,Hunt,MD,1,6
413,Angela,Cowan,MD,17,4
414,Marc,Walker,MD,6,7
415,Gabriel,Sanchez,MD,15,4
416,Margaret,Jenkins,MD,2,14
417,Vincent,Clark,MD,16,6
418,Lori,Gibson,MD,17,16
419,Heather,Curtis,MD,5,18
420,Heather,York,MD,14,13
421,Alan,Malone,MD,1,10
422,Nicole,Hernandez,MD,4,14
423,Michele,Baker,MD,10,9
424,Michael,Faulkner,MD,17,11
425,Tyler,Randolph,MD,20,12
426,Alan,York,MD,19,6
427,Kenneth,Mckenzie,MD,5,10
428,Lynn,Holmes,MD,17,7
429,Nicole,Washington,MD,20,12
430,Latoya,Lin,MD,17,20
431,Jennifer,Thomas,MD,9,16
432,Caleb,Blake,MD,15,7
433,Julian,Bonilla,MD,11,5
434,Jonathan,Daniel,MD,6,17
435,Joshua,Torres,MD,16,1
436,Adam,Thompson,MD,11,14
437,John,Bryant,MD,6,5
438,Dale,Griffith,MD,16,3
439,Samantha,Fleming,MD,1,10
440,Valerie,Hobbs,MD,7,7
441,Christopher,Jordan,MD,4,18
442,Stephen,Porter,MD,15,11
443,Amanda,Stokes,MD,4,2
444,Maurice,Thomas,MD,20,15
445,Marilyn,White,MD,20,6
446,Sean,Bender,MD,3,12
447,Ronald,Calhoun,MD,18,8
448,April,Montgomery,MD,12,1
449,Brittany,Weaver,MD,7,9
450,Steven,Ruiz,MD,10,14
451,Kelly,Rivera,MD,19,10
452,Jonathan,Hayes,MD,12,20
453,Kenneth,Jones,MD,13,9
454,Joshua,Wilson,MD,18,18
455,Cheryl,Carney,MD,7,3
456,Jennifer,Perkins,MD,19,5
457,Heather,Lewis,MD,4,7
458,Wanda,Stark,MD,9,6
459,Hayley,Estes,MD,9,19
460,Ryan,Dominguez,MD,4,5
461,Marvin,Ritter,MD,17,19
462,Vanessa,Perkins,MD,13,11
463,John,Huang,MD,19,19
464,Zachary,Johnson,MD,20,9
465,Eric,Ramirez,MD,20,16
466,Tiffany,Mitchell,MD,7,6
467,Kenneth,Munoz,MD,1,8
468,Robert,Kramer,MD,7,3
469,Michael,Wilson,MD,20,5
470,Paige,Zavala,MD,5,6
471,Robert,Pratt,MD,16,1
472,Derek,Anderson,MD,11,3
473,Sandra,Parrish,MD,2,5
474,Bryan,Mcmahon,MD,17,15
475,Steven,Sandoval,MD,14,16
476,Matthew,King,MD,11,10
477,Anthony,Stewart,MD,17,4
478,Jesse,Gray,MD,8,18
479,David,Anderson,MD,13,13
480,Cynthia,Evans,MD,13,16
481,John,Lewis,MD,12,10
482,Scott,Leonard,MD,17,11
483,Lindsey,Mcintyre,MD,17,3
484,Jennifer,Kerr,MD,20,7
485,Carlos,Gutierrez,MD,6,9
486,Deborah,Mitchell,MD,5,14
487,Stephen,Sawyer,MD,18,15
488,Robert,Hensley,MD,16,9
489,Lauren,Garcia,MD,4,18
490,Connie,Clark,MD,14,12
491,Holly,Vasquez,MD,6,1
492,Melanie,Grant,MD,12,15
493,Tracy,Chang,MD,12,14
494,Brandon,Foster,MD,7,20
495,Chris,Terry,MD,18,7
496,Kent,Dean,MD,13,12
497,William,Palmer,MD,6,1
498,Nicholas,Gomez,MD,7,15
499,Mark,Whitaker,MD,12,17
500,Christopher,Conrad,MD,7,1
501,Frederick,Bond,MD,19,10
502,Erin,Thompson,MD,11,4
503,Donald,Hurley,MD,12,9
504,Robin,Mills,MD,17,1
505,Amber,Reynolds,MD,20,9
506,Bob,Schaefer,MD,2,9
507,Mary,Austin,MD,16,13
508,Peter,Nielsen,MD,2,9
509,Catherine,Juarez,MD,9,2
510,Gregory,Mason,MD,19,1
511,Eric,Schwartz,MD,16,20
512,Amanda,Mitchell,MD,15,16
513,Nicole,Murphy,MD,6,16
514,Bradley,Miller,MD,18,4
515,Jeffrey,Craig,MD,2,12
516,Lisa,Fernandez,MD,1,20
517,Michelle,Stevens,MD,5,6
518,Laura,Fischer,MD,5,3
519,Gary,Reese,MD,14,4
520,Samantha,Clark,MD,2,15
521,Ryan,James,MD,2,11
522,Samuel,Carter,MD,4,18
523,Kristin,Noble,MD,9,7
524,Kaitlyn,Gardner,MD,20,1
525,Derek,Duffy,MD,11,11
526,Jacqueline,Strickland,MD,6,19
527,Jacob,Thomas,MD,12,17
528,Steven,Gray,MD,1,13
529,Anthony,Sanchez,MD,14,2
530,Adam,Mcknight,MD,3,7
531,Timothy,Hoffman,MD,17,5
532,Mariah,Kim,MD,9,3
533,Christopher,Paul,MD,6,15
534,Richard,Wade,MD,2,9
535,Jeremy,Walker,MD,20,7
536,Dana,Reed,MD,17,14
537,Molly,Sherman,MD,6,1
538,Stephanie,Padilla,MD,10,9
539,Timothy,Peterson,MD,18,12
540,Ronald,Lee,MD,4,11
541,Debra,Trevino,MD,15,19
542,Melissa,Chavez,MD,3,19
543,Dawn,Wang,MD,15,3
544,Brian,Rivera,MD,4,3
545,Matthew,Kelly,MD,6,3
546,Brandy,Robinson,MD,6,11
547,Shelly,Parsons,MD,19,1
548,Jeffrey,Fields,MD,6,1
549,Mallory,Jackson,MD,7,12
550,Maxwell,Middleton,MD,15,3
551,Shane,Buck,MD,8,10
552,Larry,Martin,MD,7,5
553,Jonathan,Hines,MD,10,2
554,Tasha,Rivera,MD,13,10
555,Matthew,Odonnell,MD,6,9
556,Adriana,Barber,MD,5,19
557,Isabella,Walker,MD,11,14
558,Beth,Cole,MD,8,7
559,Ruth,Ellis,MD,9,7
560,Benjamin,Garcia,MD,6,10
561,Robert,Maddox,MD,9,15
562,Amanda,Best,MD,9,3
563,Michael,Silva,MD,16,12
564,Dana,Lin,MD,19,12
565,Ricardo,Newman,MD,12,17
566,Jesse,Myers,MD,15,6
567,Kristin,Russo,MD,2,19
568,Norman,Smith,MD,13,5
569,Tamara,Ramirez,MD,18,19
570,Emily,Hurst,MD,7,14
571,Julie,Reynolds,MD,12,10
572,Julie,Clark,MD,7,11
573,Jennifer,Hanson,MD,17,18
574,Chad,Norris,MD,9,3
575,Justin,Guzman,MD,17,7
576,Michael,Marshall,MD,9,7
577,Hannah,Johnson,MD,15,9
578,Donna,Henderson,MD,2,4
579,Evan,Byrd,MD,17,6
580,Jose,Edwards,MD,16,5
581,Mary,Byrd,MD,15,19
582,Joshua,Moore,MD,11,12
583,Joshua,Freeman,MD,19,13
584,Andrew,Peters,MD,19,2
585,Marcus,Brown,MD,11,4
586,David,Higgins,MD,12,1
587,Jeremiah,Moses,MD,6,14
588,Barbara,Johnson,MD,16,11
589,David,Griffith,MD,11,4
590,William,Davis,MD,6,12
591,Katherine,Thomas,MD,10,6
592,Jeffrey,Kelly,MD,15,18
593,Andrea,Brown,MD,6,1
594,Patricia,Kelley,MD,15,20
595,Whitney,Johnson,MD,15,19
596,Emily,Potts,MD,19,14
597,Michael,Robinson,MD,13,16
598,Stephen,Monroe,MD,8,9
599,James,Powell,MD,12,20
600,Andrew,Fields,MD,11,16
601,Shannon,Martin,MD,13,10
602,Katie,Jones,MD,2,8
603,Luis,James,MD,17,4
604,Cathy,Keller,MD,14,14
605,Micheal,Terry,MD,9,19
606,Bonnie,Hurst,MD,13,19
607,Michael,Simpson,MD,1,6
608,Ashley,Carr,MD,17,6
609,Nathan,Richardson,MD,10,20
610,Patricia,Nguyen,MD,17,7
611,Deborah,Barker,MD,19,5
612,Paul,Hart,MD,5,11
613,Crystal,Ramos,MD,2,3
614,Kevin,Diaz,MD,10,5
615,Pamela,Larsen,MD,12,15
616,Priscilla,Hansen,MD,13,6
617,Claudia,Mcmahon,MD,15,1
618,Hannah,Anderson,MD,5,7
619,Melissa,Prince,MD,6,10
620,Douglas,Fitzpatrick,MD,10,3
621,Sherri,Shannon,MD,6,8
622,Kim,Brewer,MD,7,14
623,Vincent,Hampton,MD,3,8
624,Charles,Santos,MD,5,18
625,Cole,Jones,MD,12,1
626,Crystal,Lopez,MD,16,6
627,Kevin,Velez,MD,12,4
628,Travis,Page,MD,16,18
629,Luis,Brown,MD,13,7
630,James,Clarke,MD,16,13
631,Elizabeth,Wells,MD,15,8
632,Paul,Dean,MD,4,13
633,Jose,Harris,MD,5,11
634,William,Hampton,MD,5,13
635,Donald,Tapia,MD,11,10
636,Jacob,Daniel,MD,14,20
637,Felicia,Allen,MD,13,18
638,Jennifer,Davis,MD,3,12
639,Gary,Braun,MD,16,19
640,Natalie,Mitchell,MD,1,8
641,Jillian,Thompson,MD,20,6
642,James,Mejia,MD,8,12
643,Jesus,Schneider,MD,12,11
644,Laura,Johnson,MD,17,1
645,John,Thompson,MD,20,20
646,Jennifer,Carson,MD,13,3
647,Rachel,Ward,MD,8,5
648,Maria,Martin,MD,16,7
649,Timothy,Stewart,MD,2,7
650,Ashley,Zimmerman,MD,10,14
651,Justin,Roth,MD,3,11
652,Cathy,King,MD,13,6
653,Derek,Bartlett,MD,14,5
654,Joel,Moore,MD,10,10
655,Kevin,Smith,MD,13,16
656,Angela,Wheeler,MD,2,9
657,Stephanie,Harrington,MD,14,6
658,James,Turner,MD,6,13
659,Sylvia,Madden,MD,17,4
660,Jose,Shaw,MD,15,3
661,Michael,Jones,MD,12,4
662,Jason,Wang,MD,13,1
663,Cindy,Holt,MD,6,11
664,Patricia,Patterson,MD,5,19
665,Robert,Lopez,MD,17,13
666,John,Weiss,MD,15,1
667,Darren,Wilson,MD,16,13
668,Anthony,Martin,MD,14,2
669,Christopher,Dominguez,MD,10,14
670,James,Miller,MD,9,4
671,Jeffrey,Davis,MD,20,15
672,Brittany,Torres,MD,17,12
673,Austin,Montgomery,MD,16,11
674,Stephanie,Williams,MD,18,12
675,Amy,Rice,MD,4,6
676,Chad,James,MD,14,18
677,Robert,Pacheco,MD,13,3
678,Eric,Wilson,MD,5,1
679,Ashley,Lowe,MD,11,19
680,Misty,Johnson,MD,9,7
681,Eric,Lambert,MD,17,20
682,James,Long,MD,15,14
683,Anna,Velasquez,MD,2,15
684,Jamie,Ramos,MD,10,2
685,Edward,Hodges,MD,4,16
686,Nicole,Garrett,MD,15,12
687,Tracy,Frey,MD,2,20
688,Terri,Dawson,MD,12,9
689,Heather,Jones,MD,14,11
690,Todd,Smith,MD,10,1
691,Diana,Vazquez,MD,18,9
692,Rachel,Davis,MD,6,10
693,Darius,Hunter,MD,12,14
694,Kathryn,Roberts,MD,1,15
695,Manuel,Delacruz,MD,11,10
696,Daniel,Bowen,MD,2,20
697,Kimberly,Johnson,MD,4,12
698,Paige,Wright,MD,2,18
699,Stephanie,Baker,MD,13,8
700,Micheal,Johnson,MD,6,3
701,Trevor,Scott,MD,18,4
702,April,Carrillo,MD,5,5
703,Michael,Mckenzie,MD,16,14
704,Tyler,Reed,MD,9,12
705,Jacqueline,Howard,MD,15,20
706,Michele,Stevens,MD,8,17
707,Jeremy,Petersen,MD,19,15
708,Katelyn,Clark,MD,2,3
709,Preston,Conley,MD,11,12
710,Eileen,Moyer,MD,2,5
711,William,Jones,MD,20,4
712,Denise,Farrell,MD,13,17
713,Julie,Hammond,MD,3,11
714,Leslie,Oneal,MD,10,14
715,Kari,Bray,MD,13,1
716,Tasha,Finley,MD,6,9
717,Kathleen,Berry,MD,3,14
718,Nicholas,Ingram,MD,4,7
719,Bruce,Ross,MD,19,9
720,Steven,Smith,MD,10,20
721,Brittney,Campbell,MD,17,18
722,Robin,Huffman,MD,8,2
723,Tammy,Sanders,MD,12,19
724,Cassandra,Callahan,MD,16,7
725,Derrick,Cannon,MD,14,9
726,Jeffery,Murray,MD,6,9
727,Anthony,Rodriguez,MD,17,2
728,Erin,Mills,MD,20,13
729,Alan,Johnson,MD,6,10
730,Tyler,Gentry,MD,9,1
731,Joshua,Williams,MD,14,7
732,Robert,Wright,MD,1,14
733,Javier,Lewis,MD,5,9
734,Anthony,Goodwin,MD,9,15
735,Matthew,Nichols,MD,20,11
736,Travis,Mitchell,MD,4,8
737,Heather,Steele,MD,8,1
738,Andrea,Dean,MD,11,8
739,Debra,Sanchez,MD,3,20
740,Matthew,Oconnor,MD,10,20
741,Mary,Vasquez,MD,15,19
742,Douglas,Rosales,MD,14,20
743,Mark,Weaver,MD,11,18
744,Heather,Jennings,MD,13,16
745,Andrea,Morgan,MD,18,1
746,Joshua,Stewart,MD,11,11
747,Monica,Lewis,MD,11,12
748,Kayla,Shannon,MD,15,5
749,Stephanie,Harrington,MD,15,16
750,Tamara,Calhoun,MD,7,18
751,April,Martin,MD,6,13
752,Karen,Patterson,MD,9,13
753,Amy,Stout,MD,2,19
754,Amy,Burns,MD,3,16
755,Randy,Hart,MD,18,12
756,Cynthia,Thomas,MD,3,7
757,John,Smith,MD,17,12
758,Jonathan,Young,MD,10,10
759,Jonathan,Diaz,MD,11,15
760,Larry,Fisher,MD,15,1
761,Lauren,Holmes,MD,5,20
762,Joann,Acevedo,MD,19,6
763,Joseph,Long,MD,20,12
764,Travis,Davis,MD,19,14
765,Benjamin,Perez,MD,14,1
766,Stephen,Reed,MD,10,18
767,Gary,Ramos,MD,16,8
768,Reginald,Martinez,MD,13,18
769,Michael,Turner,MD,5,13
770,William,Rodriguez,MD,20,4
771,Kimberly,King,MD,4,13
772,Christopher,Gonzales,MD,7,7
773,Amy,Mann,MD,4,19
774,Jennifer,Warner,MD,10,6
775,Patricia,Jones,MD,6,13
776,Amber,Wilson,MD,18,14
777,Kurt,Lowery,MD,12,7
778,Michele,Rich,MD,14,20
779,Charles,Black,MD,9,11
780,Garrett,Goodman,MD,12,4
781,Andrew,Cook,MD,11,17
782,Matthew,Mccoy,MD,18,18
783,Nicholas,Bell,MD,13,8
784,Jonathan,Figueroa,MD,13,16
785,Vincent,Wright,MD,15,10
786,William,Scott,MD,15,6
787,Melinda,Maxwell,MD,6,13
788,Megan,Hall,MD,10,1
789,Shannon,Hinton,MD,18,11
790,Lindsay,Gonzalez,MD,15,6
791,Natalie,Rhodes,MD,4,13
792,Crystal,Edwards,MD,19,14
793,Victoria,Abbott,MD,14,14
794,Michael,Jenkins,MD,7,1
795,Roger,Smith,MD,20,8
796,Victoria,York,MD,5,20
797,Christopher,Moses,MD,20,17
798,Dawn,Taylor,MD,3,20
799,Tyler,Hernandez,MD,19,14
800,Jeffrey,Mills,MD,1,11
801,Lauren,Ruiz,MD,20,8
802,Joseph,Martinez,MD,6,19
803,Corey,Vincent,MD,16,3
804,Tammy,Wallace,MD,12,1
805,Monica,Clark,MD,20,13
806,Lauren,Hall,MD,18,17
807,Michael,Hartman,MD,7,6
808,Brian,Carpenter,MD,15,12
809,Mary,Mccoy,MD,8,6
810,Andrew,Tyler,MD,16,7
811,James,Johnson,MD,11,5
812,Jennifer,Berry,MD,10,3
813,Richard,Sellers,MD,1,7
814,Michael,Stephens,MD,19,15
815,Chad,Jenkins,MD,15,8
816,Heather,Green,MD,20,15
817,Patricia,Ayala,MD,8,6
818,Andrew,Hill,MD,15,17
819,Allison,King,MD,4,20
820,Joseph,Savage,MD,11,6
821,Susan,Hess,MD,8,15
822,Austin,Vazquez,MD,3,1
823,Gerald,Tucker,MD,2,14
824,Ashley,Marquez,MD,17,16
825,Barbara,Walter,MD,13,3
826,David,Shepherd,MD,14,9
827,Brittney,Kelly,MD,18,4
828,Justin,Curry,MD,20,18
829,Ronald,Murphy,MD,1,15
830,Devon,Miller,MD,16,2
831,Judy,Horton,MD,10,13
832,Megan,Wolfe,MD,2,12
833,Michael,Graham,MD,13,17
834,Thomas,Jackson,MD,15,14
835,Alan,Smith,MD,4,4
836,Robert,Conrad,MD,5,9
837,Pamela,Barron,MD,19,4
838,Jennifer,Jones,MD,6,12
839,Victoria,Harris,MD,14,11
840,Kevin,Carpenter,MD,5,8
841,Krista,Terry,MD,16,7
842,Luis,White,MD,9,4
843,Lawrence,Wilson,MD,11,3
844,Robert,Lewis,MD,15,16
845,Jeremy,Martin,MD,8,9
846,Joshua,Oconnor,MD,11,10
847,Catherine,Higgins,MD,15,11
848,Gloria,Vega,MD,15,9
849,Brandon,Davis,MD,19,9
850,Alexander,Hawkins,MD,20,2
851,Sonya,Martinez,MD,5,5
852,Jennifer,Campbell,MD,17,10
853,Diana,West,MD,1,8
854,Stephanie,Rojas,MD,12,19
855,John,Gates,MD,12,10
856,Morgan,Osborne,MD,10,6
857,Shelby,Turner,MD,19,10
858,Juan,Hale,MD,16,15
859,Melissa,Thompson,MD,10,5
860,Janice,Walsh,MD,5,5
861,Pamela,Sanchez,MD,20,10
862,Jennifer,Ayala,MD,13,9
863,Kristin,Eaton,MD,8,1
864,Patricia,Harris,MD,7,19
865,Jason,Jackson,MD,10,5
866,Amanda,Kennedy,MD,19,1
867,Michael,Sullivan,MD,9,12
868,Travis,Chaney,MD,17,17
869,David,Clark,MD,13,16
870,Samantha,Perry,MD,20,6
871,Mark,Hill,MD,12,5
872,Stephen,Dawson,MD,19,17
873,Cody,Miller,MD,11,17
874,Zachary,Anderson,MD,12,13
875,Jessica,Rollins,MD,16,6
876,Mary,Grimes,MD,17,16
877,Susan,Moyer,MD,6,16
878,Emily,Boyd,MD,13,1
879,Brooke,Jones,MD,3,11
880,Jennifer,Smith,MD,8,10
881,Jessica,Martinez,MD,7,8
882,Vanessa,Wilson,MD,5,9
883,Kevin,Morales,MD,20,4
884,Jonathan,Marquez,MD,7,12
885,Christopher,Garcia,MD,16,15
886,Brandi,Wagner,MD,19,1
887,Bruce,Ray,MD,17,8
888,Michael,Turner,MD,7,12
889,Jessica,Turner,MD,2,13
890,Samantha,Lewis,MD,4,11
891,Jessica,Hammond,MD,17,3
892,Zachary,Payne,MD,9,18
893,Denise,Rogers,MD,18,18
894,Jennifer,Allen,MD,3,2
895,Zoe,Caldwell,MD,15,19
896,Tara,Hansen,MD,17,8
897,Mary,Luna,MD,8,9
898,Stephen,Brown,MD,6,8
899,Ann,Clay,MD,8,15
900,Cynthia,Peterson,MD,6,2
901,Gerald,Velazquez,MD,20,9
902,Eric,Potter,MD,18,9
903,Jessica,Peters,MD,3,7
904,Anthony,Novak,MD,3,5
905,Kari,Sullivan,MD,17,10
906,Ashley,Richards,MD,2,7
907,Christina,Wade,MD,8,8
908,Robert,Smith,MD,19,19
909,Amber,Ward,MD,16,15
910,Jennifer,Harris,MD,4,18
911,Victoria,Calderon,MD,2,11
912,Deborah,Ward,MD,3,7
913,Bryan,Parker,MD,16,4
914,Katherine,Barnett,MD,15,3
915,Dennis,Rodriguez,MD,16,7
916,Jennifer,Calderon,MD,4,18
917,Jacob,Kaiser,MD,19,7
918,Thomas,Collier,MD,20,16
919,Kara,Cameron,MD,10,19
920,Andrew,Williams,MD,1,19
921,John,Meyer,MD,14,4
922,Bruce,Welch,MD,15,7
923,Karen,Butler,MD,19,20
924,Jennifer,Gallagher,MD,15,1
925,Karen,Crosby,MD,9,14
926,Jeffrey,Johnson,MD,20,9
927,Lauren,Norton,MD,16,6
928,Jasmine,Duncan,MD,11,17
929,Pamela,Robertson,MD,16,17
930,Joshua,Nelson,MD,10,10
931,Eric,Neal,MD,9,18
932,Ryan,Sharp,MD,8,11
933,Amber,Grimes,MD,9,18
934,Sarah,Thompson,MD,17,10
935,Robert,Brown,MD,15,4
936,Thomas,Mitchell,MD,6,16
937,Michelle,Burnett,MD,1,11
938,Randall,Alexander,MD,17,16
939,Ronald,Foster,MD,16,6
940,Erica,Davis,MD,6,3
941,Carly,Moore,MD,14,10
942,Dakota,Cuevas,MD,4,15
943,Joseph,Woods,MD,11,18
944,Michael,Villarreal,MD,6,7
945,Lindsay,Lee,MD,4,8
946,Matthew,Anderson,MD,7,10
947,Edward,Lopez,MD,17,10
948,Theresa,Sanders,MD,11,17
949,Victoria,Perez,MD,16,4
950,Jay,Bruce,MD,10,20
951,Paul,Crane,MD,7,19
952,Jonathan,Jackson,MD,5,11
953,Sara,Farley,MD,6,7
954,Jeffrey,Smith,MD,13,6
955,Renee,Blake,MD,6,20
956,Yvette,Murray,MD,6,11
957,Kimberly,Scott,MD,17,16
958,Kathleen,Oconnor,MD,20,14
959,Jeremy,Miller,MD,9,8
960,Zachary,Thomas,MD,9,16
961,Eddie,Marshall,MD,10,12
962,Julie,Richardson,MD,5,10
963,David,Erickson,MD,11,12
964,James,Wolf,MD,11,15
965,Bailey,Lucero,MD,10,14
966,Bryan,Lindsey,MD,19,13
967,Mary,Hobbs,MD,14,1
968,Reginald,Glass,MD,13,2
969,Ricky,Galvan,MD,14,12
970,James,Vasquez,MD,5,15
971,Jerry,Haney,MD,9,1
972,David,Patel,MD,7,7
973,Michael,Ross,MD,9,10
974,Kerri,Townsend,MD,12,1
975,Jerry,Taylor,MD,11,14
976,Kristin,Bond,MD,13,11
977,Jeffery,Craig,MD,18,18
978,Jacob,Potter,MD,7,7
979,Jared,Johnson,MD,20,17
980,Lisa,Love,MD,15,9
981,Makayla,Quinn,MD,4,3
982,Jennifer,Brown,MD,8,6
983,Amy,Silva,MD,11,16
984,Douglas,Clark,MD,19,16
985,Selena,Johnson,MD,2,13
986,Julia,Smith,MD,16,8
987,James,Hall,MD,9,20
988,Kathleen,Vega,MD,19,13
989,Cynthia,Medina,MD,2,4
990,Lisa,Clark,MD,2,11
991,Juan,Ross,MD,9,18
992,Katie,Miller,MD,12,15
993,Michael,Tucker,MD,10,4
994,Amy,Weeks,MD,16,5
995,Joseph,Robinson,MD,3,11
996,Craig,Mills,MD,14,5
997,Jennifer,Sims,MD,5,19
998,Karen,Mcdaniel,MD,10,19
999,Daniel,Herring,MD,7,18
1000,Ashley,Cruz,MD,3,15
